{
	"partitions" : [
		{
			"name" : "Top",
			"pins" : [
				{
					"name" : "P1DISPLAY[0]",
					"strict" : false
				},
				{
					"name" : "P1DISPLAY[1]",
					"strict" : false
				},
				{
					"name" : "P1DISPLAY[2]",
					"strict" : false
				},
				{
					"name" : "P1DISPLAY[3]",
					"strict" : false
				},
				{
					"name" : "P1DISPLAY[4]",
					"strict" : false
				},
				{
					"name" : "P1DISPLAY[5]",
					"strict" : false
				},
				{
					"name" : "P1DISPLAY[6]",
					"strict" : false
				},
				{
					"name" : "P2DISPLAY[0]",
					"strict" : false
				},
				{
					"name" : "P2DISPLAY[1]",
					"strict" : false
				},
				{
					"name" : "P2DISPLAY[2]",
					"strict" : false
				},
				{
					"name" : "P2DISPLAY[3]",
					"strict" : false
				},
				{
					"name" : "P2DISPLAY[4]",
					"strict" : false
				},
				{
					"name" : "P2DISPLAY[5]",
					"strict" : false
				},
				{
					"name" : "P2DISPLAY[6]",
					"strict" : false
				},
				{
					"name" : "SUMDISPLAY[0]",
					"strict" : false
				},
				{
					"name" : "SUMDISPLAY[1]",
					"strict" : false
				},
				{
					"name" : "SUMDISPLAY[2]",
					"strict" : false
				},
				{
					"name" : "SUMDISPLAY[3]",
					"strict" : false
				},
				{
					"name" : "SUMDISPLAY[4]",
					"strict" : false
				},
				{
					"name" : "SUMDISPLAY[5]",
					"strict" : false
				},
				{
					"name" : "SUMDISPLAY[6]",
					"strict" : false
				},
				{
					"name" : "LED_L",
					"strict" : false
				},
				{
					"name" : "LED_R",
					"strict" : false
				},
				{
					"name" : "P1INPUT[0]",
					"strict" : false
				},
				{
					"name" : "P1INPUT[1]",
					"strict" : false
				},
				{
					"name" : "P1INPUT[2]",
					"strict" : false
				},
				{
					"name" : "P1INPUT[3]",
					"strict" : false
				},
				{
					"name" : "P2INPUT[0]",
					"strict" : false
				},
				{
					"name" : "P2INPUT[1]",
					"strict" : false
				},
				{
					"name" : "P2INPUT[2]",
					"strict" : false
				},
				{
					"name" : "P2INPUT[3]",
					"strict" : false
				}
			]
		}
	]
}